<keymap version="1" name="Default copy by Joe" parent="Mac OS X 10.5+">
  <action id="ActivateChangesToolWindow">
    <keyboard-shortcut first-keystroke="shift meta 9" />
  </action>
  <action id="ActivateHierarchyToolWindow" />
  <action id="ActivateStructureToolWindow">
    <keyboard-shortcut first-keystroke="meta 8" />
  </action>
  <action id="CommentByBlockComment">
    <keyboard-shortcut first-keystroke="meta alt 7" />
  </action>
  <action id="CommentByLineComment">
    <keyboard-shortcut first-keystroke="meta 7" />
  </action>
  <action id="EditorIncreaseFontSize">
    <keyboard-shortcut first-keystroke="alt close_bracket" />
  </action>
  <action id="EditorResetFontSize">
    <keyboard-shortcut first-keystroke="alt slash" />
  </action>
  <action id="HippieCompletion" />
  <action id="OpenDirectoryProject">
    <keyboard-shortcut first-keystroke="shift meta p" />
  </action>
  <action id="SplitVertically">
    <keyboard-shortcut first-keystroke="meta 9" />
  </action>
  <action id="SwitchApply">
    <keyboard-shortcut first-keystroke="ctrl alt enter" />
  </action>
  <action id="SwitchDown">
    <keyboard-shortcut first-keystroke="ctrl alt down" />
  </action>
  <action id="SwitchLeft">
    <keyboard-shortcut first-keystroke="ctrl alt left" />
  </action>
  <action id="SwitchRight">
    <keyboard-shortcut first-keystroke="ctrl alt right" />
  </action>
  <action id="SwitchUp">
    <keyboard-shortcut first-keystroke="ctrl alt up" />
  </action>
</keymap>