<keymap version="1" name="vikbert's Keymap" parent="Mac OS X 10.5+">
  <action id="ActivateChangesToolWindow">
    <keyboard-shortcut first-keystroke="meta 3" />
  </action>
  <action id="ActivateFavoritesToolWindow" />
  <action id="ActivateFindToolWindow" />
  <action id="ActivateHierarchyToolWindow" />
  <action id="ActivateMessagesToolWindow" />
  <action id="ActivateQuickNotesToolWindow">
    <keyboard-shortcut first-keystroke="meta alt n" />
  </action>
  <action id="ActivateRunToolWindow" />
  <action id="ActivateStructureToolWindow">
    <keyboard-shortcut first-keystroke="meta 2" />
  </action>
  <action id="ActivateTerminalToolWindow">
    <keyboard-shortcut first-keystroke="shift meta t" />
  </action>
  <action id="ActivateVersionControlToolWindow">
    <keyboard-shortcut first-keystroke="meta 3" />
  </action>
  <action id="Annotate">
    <keyboard-shortcut first-keystroke="meta 0" />
  </action>
  <action id="Back">
    <keyboard-shortcut first-keystroke="meta alt left" />
    <mouse-shortcut keystroke="button4" />
  </action>
  <action id="CloseAllEditors">
    <keyboard-shortcut first-keystroke="shift meta w" />
  </action>
  <action id="CollapseAll" />
  <action id="CollapseExpandableComponent">
    <keyboard-shortcut first-keystroke="shift enter" />
  </action>
  <action id="CollapseRegion" />
  <action id="CollapseRegionRecursively">
    <keyboard-shortcut first-keystroke="shift meta c" />
  </action>
  <action id="CommentByBlockComment">
    <keyboard-shortcut first-keystroke="meta alt 7" />
  </action>
  <action id="CommentByLineComment">
    <keyboard-shortcut first-keystroke="meta 7" />
  </action>
  <action id="Console.TableResult.Reload" />
  <action id="Console.TableResult.SetNull" />
  <action id="CopyPaths" />
  <action id="DatabaseView.PropertiesAction" />
  <action id="Diff.ShowSettingsPopup" />
  <action id="DuplicatesForm.SendToRight" />
  <action id="EditorDecreaseFontSize">
    <keyboard-shortcut first-keystroke="meta minus" />
  </action>
  <action id="EditorIncreaseFontSize">
    <keyboard-shortcut first-keystroke="meta add" />
  </action>
  <action id="EditorIndentSelection">
    <keyboard-shortcut first-keystroke="meta alt tab" />
  </action>
  <action id="EditorLineEnd">
    <keyboard-shortcut first-keystroke="end" />
    <keyboard-shortcut first-keystroke="meta right" />
    <keyboard-shortcut first-keystroke="ctrl e" />
    <keyboard-shortcut first-keystroke="ctrl l" />
  </action>
  <action id="EditorResetFontSize">
    <keyboard-shortcut first-keystroke="alt slash" />
  </action>
  <action id="EditorSplitLine" />
  <action id="EditorToggleShowLineNumbers">
    <keyboard-shortcut first-keystroke="shift meta n" />
  </action>
  <action id="ExpandAll">
    <keyboard-shortcut first-keystroke="meta equals" />
  </action>
  <action id="ExpandExpandableComponent">
    <keyboard-shortcut first-keystroke="shift enter" />
    <keyboard-shortcut first-keystroke="meta equals" />
  </action>
  <action id="ExpandRegion">
    <keyboard-shortcut first-keystroke="meta equals" />
  </action>
  <action id="ExpandRegionRecursively" />
  <action id="FileChooser.GotoModule" />
  <action id="FileChooser.GotoProject" />
  <action id="FileChooser.TogglePathShowing" />
  <action id="FileStructurePopup">
    <keyboard-shortcut first-keystroke="meta i" />
  </action>
  <action id="FindPrevious" />
  <action id="FindWordAtCaret">
    <keyboard-shortcut first-keystroke="alt f" />
  </action>
  <action id="Forward">
    <keyboard-shortcut first-keystroke="meta alt right" />
    <mouse-shortcut keystroke="button5" />
  </action>
  <action id="Git.Commit.And.Push.Executor" />
  <action id="GotoBookmark9" />
  <action id="GotoFile">
    <keyboard-shortcut first-keystroke="meta p" />
  </action>
  <action id="GotoTest" />
  <action id="Hg.Commit.And.Push.Executor" />
  <action id="HippieCompletion" />
  <action id="Images.Editor.ActualSize">
    <keyboard-shortcut first-keystroke="meta divide" />
  </action>
  <action id="Images.ShowThumbnails" />
  <action id="Inline" />
  <action id="Javascript.Linters.EsLint.Fix">
    <keyboard-shortcut first-keystroke="meta alt k" />
  </action>
  <action id="NewScratchFile" />
  <action id="OpenDirectoryProject">
    <keyboard-shortcut first-keystroke="shift meta p" />
  </action>
  <action id="ParameterInfo" />
  <action id="QuickImplementations">
    <keyboard-shortcut first-keystroke="alt space" />
  </action>
  <action id="QuickList.foo">
    <keyboard-shortcut first-keystroke="ctrl alt s" />
  </action>
  <action id="QuickList.git">
    <keyboard-shortcut first-keystroke="shift meta g" />
  </action>
  <action id="RecentChangedFiles" />
  <action id="Refresh" />
  <action id="Rerun" />
  <action id="Resume">
    <keyboard-shortcut first-keystroke="f9" />
  </action>
  <action id="Run">
    <keyboard-shortcut first-keystroke="ctrl r" />
    <keyboard-shortcut first-keystroke="meta 4" />
  </action>
  <action id="RunAnything">
    <keyboard-shortcut first-keystroke="meta alt r" />
  </action>
  <action id="RunDashboard.ShowConfigurations" />
  <action id="SplitHorizontally">
    <keyboard-shortcut first-keystroke="meta 8" />
  </action>
  <action id="SplitVertically">
    <keyboard-shortcut first-keystroke="meta 9" />
  </action>
  <action id="SwitchApply">
    <keyboard-shortcut first-keystroke="ctrl alt enter" />
  </action>
  <action id="SwitchDown">
    <keyboard-shortcut first-keystroke="ctrl alt down" />
  </action>
  <action id="SwitchLeft">
    <keyboard-shortcut first-keystroke="ctrl alt left" />
  </action>
  <action id="SwitchRight">
    <keyboard-shortcut first-keystroke="ctrl alt right" />
  </action>
  <action id="SwitchUp">
    <keyboard-shortcut first-keystroke="ctrl alt up" />
  </action>
  <action id="ToggleDistractionFreeMode">
    <keyboard-shortcut first-keystroke="shift meta d" />
  </action>
  <action id="ToggleFullScreen" />
  <action id="Tool_External Tools_build-js">
    <keyboard-shortcut first-keystroke="ctrl meta b" />
  </action>
  <action id="Tool_External Tools_php-cs-fixer">
    <keyboard-shortcut first-keystroke="ctrl meta f" />
  </action>
  <action id="Vcs.Log.Refresh" />
  <action id="ViewSource" />
  <action id="com.vladsch.idea.multimarkdown.editor.actions.editorLayout.ToggleSplitLayoutChangeAction" />
  <action id="com.wix.rt.switch" />
</keymap>