<application>
  <component name="com.intellij.ide.ui.customization.CustomActionsSchema">
    <group value="&lt;anonymous-group-1&gt;" is_group="true" action_type="-1" position="4">
      <path value="root" />
      <path value="VCS Local Changes Toolbar" />
      <option name="myInitialPosition" value="-1" />
    </group>
    <group value="CheckStatusForFiles" is_action="true" action_type="1" position="2">
      <path value="root" />
      <path value="Touch Bar" />
      <path value="Default" />
      <path value="Optional Actions" />
      <option name="myInitialPosition" value="-1" />
    </group>
    <group value="&lt;anonymous-group-1&gt;" is_group="true" action_type="1" position="5">
      <path value="root" />
      <path value="VCS Local Changes Toolbar" />
      <option name="myInitialPosition" value="-1" />
    </group>
  </component>
</application>