<application>
  <component name="FileTypeManager" version="17">
    <extensionMap>
      <mapping pattern="*.js.flow" type="Flow" />
      <mapping pattern="*.js.flow" type="Flow" />
      <mapping pattern="DateTimeFormatExtensionTest" type="PHP" />
      <mapping pattern="run_tests" type="PLAIN_TEXT" />
      <mapping pattern="console" type="PLAIN_TEXT" />
      <mapping pattern="run_phantomjs" type="PLAIN_TEXT" />
      <mapping pattern="eci-qa01" type="PLAIN_TEXT" />
      <mapping pattern="SnackbarUploader.js" type="PLAIN_TEXT" />
      <mapping pattern=".web-server-pid" type="PLAIN_TEXT" />
      <mapping pattern="eci-production" type="PLAIN_TEXT" />
      <mapping pattern="_redirects" type="PLAIN_TEXT" />
      <mapping pattern="InputLicencePlate" type="PLAIN_TEXT" />
      <mapping pattern=".php_cs" type="PLAIN_TEXT" />
      <mapping ext="todo" type="PLAIN_TEXT" />
      <mapping ext="j2" type="PLAIN_TEXT" />
      <mapping ext="joe" type="PLAIN_TEXT" />
      <mapping ext="cart" type="PLAIN_TEXT" />
      <removed_mapping ext="cmd" approved="true" type="PLAIN_TEXT" />
      <removed_mapping ext="log" approved="true" type="PLAIN_TEXT" />
      <removed_mapping ext="bat" approved="true" type="PLAIN_TEXT" />
      <removed_mapping pattern="Dockerfile" approved="true" type="PLAIN_TEXT" />
      <removed_mapping ext="bat" approved="true" type="PLAIN_TEXT" />
      <removed_mapping ext="log" approved="true" type="PLAIN_TEXT" />
      <removed_mapping ext="dockerfile" approved="true" type="textmate" />
      <removed_mapping ext="makefile" approved="true" type="textmate" />
      <removed_mapping ext="jenkinsfile" approved="true" type="PLAIN_TEXT" />
      <removed_mapping ext="cmd" approved="true" type="PLAIN_TEXT" />
      <removed_mapping ext="snakefile" approved="true" type="textmate" />
      <mapping pattern=".php_cs.cache" type="Git file" />
    </extensionMap>
  </component>
</application>