<application>
  <component name="GeneralSettings">
    <option name="autoSaveIfInactive" value="true" />
    <option name="confirmExit" value="false" />
    <option name="confirmOpenNewProject2" value="0" />
    <option name="inactiveTimeout" value="8" />
    <option name="searchInBackground" value="true" />
    <option name="showTipsOnStartup" value="false" />
  </component>
  <component name="Registry">
    <entry key="ide.firstStartup" value="false" />
    <entry key="dumb.aware.run.configurations" value="true" />
    <entry key="debugger.watches.in.variables" value="false" />
    <entry key="mac.editor.thumb.default.alpha.base" value="0" />
    <entry key="mac.editor.thumb.default.alpha.delta" value="102" />
    <entry key="mac.editor.thumb.darcula.alpha.base" value="0" />
    <entry key="mac.editor.thumb.darcula.alpha.delta" value="102" />
    <entry key="mac.editor.thumb.default.fill.min" value="102" />
    <entry key="mac.editor.thumb.default.fill.max" value="150" />
    <entry key="mac.editor.thumb.darcula.fill.min" value="102" />
    <entry key="mac.editor.thumb.darcula.fill.max" value="163" />
    <entry key="ide.balloon.shadow.size" value="0" />
    <entry key="tabs.alphabetical" value="true" />
    <entry key="editor.distraction.free.mode" value="true" />
  </component>
</application>