<application>
  <component name="MessDetector">
    <phpmd_settings_migrated />
    <phpmd_settings>
      <MessDetectorConfiguration tool_path="$USER_HOME$/.composer/vendor/bin/phpmd" />
    </phpmd_settings>
  </component>
  <component name="PhpCSFixer">
    <phpcsfixer_settings>
      <phpcs_fixer_by_interpreter interpreter_id="f638ba9c-55eb-4e52-a79d-2521e5f9da51" tool_path="php-cs-fixer" />
    </phpcsfixer_settings>
  </component>
  <component name="PhpCodeSniffer">
    <phpcs_settings_migrated />
    <phpcs_settings>
      <PhpCSConfiguration standards="MySource;PEAR;PSR1;PSR2;Squiz;Zend" tool_path="$USER_HOME$/.composer/vendor/bin/phpcs" />
    </phpcs_settings>
  </component>
  <component name="PhpInterpreters">
    <interpreters>
      <interpreter id="28a19f24-8e89-4746-86d2-c288a1dc3bb3" name="PHP-7.1.15" home="/usr/local/bin/php" debugger_id="php.debugger.XDebug" />
      <interpreter id="f638ba9c-55eb-4e52-a79d-2521e5f9da51" name="phpqa/php-cs-fixer:latest" home="docker://DATA" debugger_id="php.debugger.XDebug">
        <remote_data DOCKER_ACCOUNT_NAME="Docker" DOCKER_IMAGE_NAME="phpqa/php-cs-fixer:latest" DOCKER_REMOTE_PROJECT_PATH="/opt/project" INTERPRETER_PATH="php" HELPERS_PATH="/opt/.phpstorm_helpers" INITIALIZED="false" VALID="true" RUN_AS_ROOT_VIA_SUDO="false" />
      </interpreter>
    </interpreters>
  </component>
  <component name="PhpInterpretersPhpInfoCache">
    <phpInfoCache>
      <interpreter name="phpqa/php-cs-fixer:latest">
        <phpinfo binary_type="PHP" php_cgi="/usr/local/bin/php-cgi" php_cli="/usr/local/bin/php" path_separator=":" version="7.2.16">
          <additional_php_ini>/usr/local/etc/php/conf.d/docker-php-ext-sodium.ini</additional_php_ini>
          <configuration_file />
          <configuration_options>
            <configuration_option name="include_path" value=".:/usr/local/lib/php" />
          </configuration_options>
          <debuggers />
          <loaded_extensions>
            <extension name="Core" />
            <extension name="PDO" />
            <extension name="Phar" />
            <extension name="Reflection" />
            <extension name="SPL" />
            <extension name="SimpleXML" />
            <extension name="ctype" />
            <extension name="curl" />
            <extension name="date" />
            <extension name="dom" />
            <extension name="fileinfo" />
            <extension name="filter" />
            <extension name="ftp" />
            <extension name="hash" />
            <extension name="iconv" />
            <extension name="json" />
            <extension name="libxml" />
            <extension name="mbstring" />
            <extension name="mysqlnd" />
            <extension name="openssl" />
            <extension name="pcre" />
            <extension name="pdo_sqlite" />
            <extension name="posix" />
            <extension name="readline" />
            <extension name="session" />
            <extension name="sodium" />
            <extension name="sqlite3" />
            <extension name="standard" />
            <extension name="tokenizer" />
            <extension name="xml" />
            <extension name="xmlreader" />
            <extension name="xmlwriter" />
            <extension name="zlib" />
          </loaded_extensions>
        </phpinfo>
      </interpreter>
    </phpInfoCache>
  </component>
  <component name="PhpLint">
    <PhpLint_settings>
      <PhpLintConfiguration />
    </PhpLint_settings>
  </component>
</application>