<application>
  <component name="ProjectManager">
    <defaultProject>
      <component name="MessDetector">
        <phpmd_settings>
          <MessDetectorConfiguration tool_path="$USER_HOME$/.composer/vendor/bin/phpmd" />
        </phpmd_settings>
      </component>
      <component name="PhpCodeSniffer">
        <phpcs_settings>
          <PhpCSConfiguration standards="MySource;PEAR;PSR1;PSR2;Squiz;Zend" tool_path="$USER_HOME$/.composer/vendor/bin/phpcs" />
        </phpcs_settings>
      </component>
      <component name="PropertiesComponent">
        <property name="nodejs_interpreter_path.stuck_in_default_project" value="undefined stuck path" />
        <property name="nodejs_npm_path_reset_for_default_project" value="true" />
      </component>
      <component name="RunDashboard">
        <option name="ruleStates">
          <list>
            <RuleState>
              <option name="name" value="ConfigurationTypeDashboardGroupingRule" />
            </RuleState>
            <RuleState>
              <option name="name" value="StatusDashboardGroupingRule" />
            </RuleState>
          </list>
        </option>
      </component>
    </defaultProject>
  </component>
</application>