<application>
  <component name="GitRememberedInputs">
    <option name="visitedUrls">
      <list>
        <UrlAndUserName>
          <option name="url" value="http://dev.azure.com" />
          <option name="userName" value="schwarzit" />
        </UrlAndUserName>
      </list>
    </option>
  </component>
  <component name="Vcs.Log.App.Settings">
    <option name="SHOW_CHANGES_FROM_PARENTS" value="true" />
    <option name="COLUMN_ORDER">
      <list>
        <option value="0" />
        <option value="1" />
        <option value="2" />
        <option value="3" />
      </list>
    </option>
  </component>
  <component name="VcsApplicationSettings">
    <option name="PATCH_STORAGE_LOCATION" value="$USER_HOME$/Desktop" />
    <option name="SHOW_LST_WORD_DIFFERENCES" value="false" />
    <option name="COMMIT_FROM_LOCAL_CHANGES" value="true" />
  </component>
</application>